refund_id,payment_id,amount,currency,created_at
REF_954A0D4F,PAY_F505E5F0,982050,INR,2026-08-26T11:58:14Z
REF_85B5959C,PAY_B4C92F87,285800,INR,2026-08-19T06:37:15Z
REF_C266867D,PAY_8AC1FD38,883250,INR,2026-07-16T23:12:23Z
REF_0DF756AD,PAY_512DAAF5,134500,INR,2026-07-22T22:13:48Z
REF_D8F9D0EC,PAY_845F2801,538850,INR,2026-07-12T02:02:30Z
REF_7C10FA3F,PAY_93BAF51E,824700,INR,2026-08-26T14:05:17Z
REF_3A564ED6,PAY_F4EB2343,139900,INR,2026-08-10T01:15:04Z
REF_4F4D666D,PAY_C7B1C286,877900,INR,2026-08-01T05:06:17Z
REF_897A8028,PAY_3A4D4E05,848500,INR,2026-07-12T16:32:34Z
REF_CB19653D,PAY_80D4729E,41900,INR,2026-07-06T03:29:14Z
REF_8B7461BB,PAY_47A8B830,760900,INR,2026-07-28T21:51:39Z
REF_6CBB8630,PAY_86B1422F,242800,INR,2026-09-02T09:39:14Z
REF_13EB515E,PAY_3B7025A0,878550,INR,2026-08-18T18:55:38Z
REF_E2ED2DAA,PAY_7CC3C540,715400,INR,2026-08-15T10:45:35Z
REF_D19BDF8A,PAY_77CC0351,875850,INR,2026-07-06T13:43:14Z
REF_80253790,PAY_BB3634DC,287900,INR,2026-07-25T08:55:43Z
REF_BE3CBD43,PAY_4B4F8E33,240200,INR,2026-08-07T01:31:47Z
REF_AA7FB6BC,PAY_7738DA38,376750,INR,2026-08-06T05:56:17Z
REF_17A66CEC,PAY_22E96B32,256700,INR,2026-07-15T17:20:13Z
REF_A2D87152,PAY_D4057AEA,879050,INR,2026-08-16T16:57:18Z
REF_EA2DAEBE,PAY_9ACE3E4B,900000,INR,2026-07-28T06:32:08Z
REF_E6AE0CB8,PAY_957EF3B2,954550,INR,2026-07-28T04:10:19Z
REF_86238FD0,PAY_6E361377,646300,INR,2026-09-02T18:47:43Z
REF_1299BBBF,PAY_0DE901B9,844350,INR,2026-08-20T18:04:57Z
REF_F07F23EA,PAY_15368842,268650,INR,2026-08-26T01:15:06Z
REF_C1C6453B,PAY_BE9EE212,952150,INR,2026-08-19T02:39:12Z
REF_4A4A32AD,PAY_188D4A15,591350,INR,2026-08-13T00:55:23Z
REF_3DB17177,PAY_E983722F,126250,INR,2026-08-20T13:09:07Z
REF_40202543,PAY_FBFE4BA7,113200,INR,2026-08-13T17:59:35Z
REF_6C4FA4F4,PAY_F9CFE575,353450,INR,2026-07-23T12:29:18Z
REF_EDC6707A,PAY_271AF1DA,513950,INR,2026-08-16T13:34:19Z
REF_02056AF2,PAY_3B39EF7E,445500,INR,2026-07-04T21:31:02Z
REF_53A84D9A,PAY_99A70578,652150,INR,2026-08-11T22:59:39Z
REF_83201227,PAY_B4F567C6,298650,INR,2026-08-11T18:08:10Z
REF_EF15F1ED,PAY_D2163E30,126100,INR,2026-08-03T02:11:13Z
REF_67B0CBA6,PAY_EF09BB0C,342100,INR,2026-07-04T11:02:39Z
REF_864D336D,PAY_A7F72117,253950,INR,2026-08-31T22:53:23Z
REF_075AD20A,PAY_B1025BB7,198300,INR,2026-08-30T17:07:35Z
REF_C7B34A24,PAY_0DB678DE,459250,INR,2026-07-23T19:50:43Z
REF_A09B2555,PAY_8933EFFF,625400,INR,2026-08-31T10:23:54Z
REF_FBDCD03D,PAY_52189497,695050,INR,2026-08-10T05:50:02Z
REF_6586057C,PAY_87965BEF,395050,INR,2026-08-27T14:32:25Z
REF_47587170,PAY_9678D497,33600,INR,2026-08-22T03:47:56Z
REF_752F18D5,PAY_26E372C1,239950,INR,2026-08-05T16:38:27Z
REF_2E3CE916,PAY_7DDD7D3C,935850,INR,2026-08-08T11:58:25Z
REF_700B9242,PAY_D64C5C2D,900050,INR,2026-08-31T10:29:27Z
REF_46F76E3B,PAY_86C48898,38650,INR,2026-08-05T06:39:49Z
REF_A63B74ED,PAY_27547EF7,470100,INR,2026-08-30T15:18:00Z
REF_53E83D73,PAY_6717EB49,73150,INR,2026-08-01T22:26:44Z
REF_0A460BB5,PAY_19B2ED68,216150,INR,2026-08-01T09:05:06Z
REF_F294AFF8,PAY_CF1AD89A,509250,INR,2026-07-06T00:42:19Z
REF_2F5B013C,PAY_52DAD67D,84200,INR,2026-08-04T20:09:00Z
REF_504D2062,PAY_A6335188,278650,INR,2026-08-08T01:06:08Z
REF_F74041E9,PAY_21B6D852,292850,INR,2026-07-08T22:52:14Z
REF_8AC6C553,PAY_D7AA86E5,564800,INR,2026-07-16T02:10:24Z
REF_A27641C7,PAY_EE60C5F8,246300,INR,2026-07-07T16:12:56Z
REF_677F4B7D,PAY_5880E49B,672200,INR,2026-08-19T03:24:21Z
REF_EE2E2F73,PAY_F8D2A667,661900,INR,2026-07-19T17:36:40Z
REF_FD5942E9,PAY_D27C74AD,170450,INR,2026-08-16T21:42:55Z
REF_73E3B9B4,PAY_BDAA7DA9,984200,INR,2026-07-24T02:01:11Z
REF_9F6096DC,PAY_C12B3AF6,540400,INR,2026-07-27T17:28:40Z
REF_A0B6C0D9,PAY_F0341DCC,277700,INR,2026-09-02T00:15:54Z
REF_9C5076AC,PAY_749DA559,376850,INR,2026-08-11T00:24:55Z
REF_40E58EFB,PAY_48D81EFE,443950,INR,2026-07-22T14:30:42Z
REF_655EC946,PAY_7C5DB4F5,613450,INR,2026-08-26T02:43:53Z
REF_9FA7157E,PAY_02121850,620900,INR,2026-07-09T10:57:53Z
REF_682AEA1B,PAY_4570F10A,235300,INR,2026-09-01T04:24:40Z
REF_F8CA6E9D,PAY_3F9EA8B2,311350,INR,2026-07-12T14:51:34Z
REF_3074C832,PAY_5478980C,147850,INR,2026-08-01T22:46:17Z
REF_D53FF982,PAY_DB1C5917,197200,INR,2026-08-31T12:26:41Z
REF_1B6BFF44,PAY_364BED69,745150,INR,2026-07-04T09:52:49Z
REF_34816CF2,PAY_EBF9228F,15650,INR,2026-07-21T16:39:30Z
REF_0D7D39DC,PAY_940519A8,629350,INR,2026-08-26T14:56:32Z
REF_DFB549B8,PAY_D227F5FF,780450,INR,2026-07-10T07:42:15Z
REF_6DC8BB51,PAY_E7097DAD,751600,INR,2026-08-28T16:30:16Z
REF_61D83C33,PAY_F1A6F0A3,345750,INR,2026-08-22T20:59:47Z
REF_30C5E14A,PAY_303D738C,363450,INR,2026-07-30T08:29:28Z
REF_707AC420,PAY_10FF2B86,111100,INR,2026-07-11T08:27:41Z
REF_FA28BC01,PAY_3581D5D1,265600,INR,2026-07-28T17:08:51Z
REF_C5A447BF,PAY_D3E8FBF6,733250,INR,2026-08-15T03:07:09Z
REF_99ECC859,PAY_7CE5A2B5,357100,INR,2026-07-16T22:26:58Z
REF_280531D8,PAY_C87A6EB9,763900,INR,2026-08-02T05:50:27Z
REF_BB1AA486,PAY_EF941D73,553600,INR,2026-08-13T05:06:02Z
REF_633BCA8E,PAY_7718BB22,116200,INR,2026-08-22T19:26:51Z
REF_B9D75035,PAY_BAAD2799,914950,INR,2026-07-12T04:29:06Z
REF_4EF38D42,PAY_696D1FE2,670100,INR,2026-07-06T19:46:53Z
REF_B9883024,PAY_2F1463EA,737700,INR,2026-07-07T06:32:27Z
REF_1ECF00A0,PAY_B7EE4679,592800,INR,2026-08-01T15:31:23Z
REF_12289590,PAY_D22E4EE3,401550,INR,2026-07-20T20:03:46Z
REF_A9A2C539,PAY_6600115C,938600,INR,2026-08-31T13:39:06Z
REF_6ABB7813,PAY_6D254C78,954850,INR,2026-07-08T12:16:41Z
REF_6E24882A,PAY_C417BD05,826100,INR,2026-08-12T01:38:50Z
REF_E7651B7C,PAY_A7781B83,947050,INR,2026-08-21T22:43:04Z
REF_57487E54,PAY_5FF20A79,726500,INR,2026-08-01T08:54:35Z
REF_3254A0B0,PAY_8F002C55,886000,INR,2026-07-20T08:17:33Z
REF_6B76B9EC,PAY_D2F87EE0,472850,INR,2026-08-19T15:39:54Z
REF_57741B7C,PAY_3E500E9E,518050,INR,2026-07-25T17:20:57Z
REF_DD12F4C2,PAY_CFC79D9E,540450,INR,2026-07-30T12:23:56Z
REF_D2E1EA2E,PAY_9FC5C7BC,128150,INR,2026-08-19T23:16:39Z
REF_DB456FD3,PAY_0FA3D9AA,767100,INR,2026-08-30T10:42:47Z
REF_982F399D,PAY_3C4C323C,86800,INR,2026-08-25T18:16:10Z
REF_B769355E,PAY_76A4082C,825200,INR,2026-07-30T09:38:07Z
REF_FB27B29D,PAY_D7A5767F,348350,INR,2026-07-14T06:23:49Z
REF_96F043AA,PAY_BBE40B34,956800,INR,2026-07-06T18:32:24Z
REF_EBBF09AC,PAY_B31BB765,864000,INR,2026-08-07T01:49:21Z
REF_5707D274,PAY_B80EE1E0,881350,INR,2026-07-12T11:31:54Z
REF_CEC0C399,PAY_77F60B02,520400,INR,2026-08-23T19:48:28Z
REF_3408618D,PAY_AF5828F0,178950,INR,2026-08-17T22:24:47Z
REF_861F8F7B,PAY_6288C62D,961050,INR,2026-08-27T22:46:31Z
REF_27527B3F,PAY_B78139C1,142050,INR,2026-08-22T07:38:06Z
REF_613048BA,PAY_849C676F,267850,INR,2026-08-29T03:00:27Z
REF_E4730A50,PAY_32245293,486250,INR,2026-07-10T03:16:24Z
REF_E47D330D,PAY_EDB1785D,867250,INR,2026-08-26T15:47:30Z
REF_667795C5,PAY_94CD96E7,521250,INR,2026-08-09T08:14:04Z
REF_BD7DA1D0,PAY_F2EEBACD,598900,INR,2026-07-28T18:47:21Z
REF_8594F368,PAY_F84910A0,620750,INR,2026-09-01T04:28:27Z
REF_3B4384F7,PAY_247962E8,445650,INR,2026-08-14T12:23:43Z
REF_2B1DF414,PAY_E2D82E78,382050,INR,2026-08-11T04:30:11Z
REF_3873B522,PAY_C575BC7A,50800,INR,2026-07-05T22:31:39Z
REF_F8FB2F7A,PAY_E1ACDE0F,593800,INR,2026-08-10T22:27:15Z
REF_432CF486,PAY_B253AF39,530300,INR,2026-08-25T16:42:28Z
REF_2FD18EDD,PAY_CA566C73,786100,INR,2026-08-27T03:00:04Z
REF_BDC998F0,PAY_B8C0C0C7,842250,INR,2026-07-12T22:36:33Z
REF_3A341CB7,PAY_440B7E62,552900,INR,2026-07-16T08:57:41Z
REF_3601CAB4,PAY_7C428726,539900,INR,2026-07-23T08:42:05Z
REF_4A4348CC,PAY_01B7BBF4,949150,INR,2026-07-26T10:47:15Z
REF_E748C838,PAY_9D5CEC9C,210900,INR,2026-08-22T16:26:54Z
REF_7A8069E5,PAY_75BFEE7C,179300,INR,2026-09-02T09:39:31Z
REF_10865921,PAY_D1EA5F1A,491800,INR,2026-08-13T15:06:57Z
REF_6DF5C91A,PAY_253F839E,659550,INR,2026-08-22T10:06:37Z
REF_A304A143,PAY_193B2E8B,861350,INR,2026-08-18T19:29:22Z
REF_E50DEB5B,PAY_6E29A1DB,45150,INR,2026-08-04T23:05:01Z
REF_69907113,PAY_1D6CDF8D,571150,INR,2026-08-12T19:54:34Z
REF_86DBC699,PAY_848AFEB9,690700,INR,2026-08-17T03:50:21Z
REF_D140D5BA,PAY_8CD28F48,973300,INR,2026-07-26T13:38:09Z
REF_7CECEE44,PAY_5C212E22,55050,INR,2026-08-12T10:33:47Z
REF_4CF0B23C,PAY_B8DEF7F0,403550,INR,2026-07-22T07:47:17Z
REF_6426120E,PAY_DB97AB34,760250,INR,2026-07-22T22:07:00Z
REF_D21F84A8,PAY_BDC5C0B8,109400,INR,2026-08-23T06:33:59Z
REF_E0533429,PAY_376DE172,145050,INR,2026-07-24T06:59:39Z
REF_40252737,PAY_0C4E4053,300350,INR,2026-08-24T06:12:11Z
REF_011A003E,PAY_07C4688B,189000,INR,2026-08-25T19:41:33Z
REF_B64A3611,PAY_54D70641,55950,INR,2026-07-28T03:21:22Z
REF_7AA2108E,PAY_201D6E52,695150,INR,2026-07-08T01:49:10Z
REF_8BD98CCE,PAY_2B59AEB1,858650,INR,2026-07-13T17:07:29Z
REF_0070EEE8,PAY_E34F47E7,513500,INR,2026-07-23T09:45:16Z
REF_F3837588,PAY_4F606C9A,350550,INR,2026-07-16T14:05:47Z
REF_0ED0F845,PAY_7A52F13A,765050,INR,2026-08-18T11:26:37Z
REF_8E06D583,PAY_C06859AB,702150,INR,2026-08-21T06:14:52Z
REF_9EBB283C,PAY_6EC2B191,964900,INR,2026-08-02T19:53:11Z
REF_576B5A25,PAY_E5F5C5D2,331500,INR,2026-07-31T22:07:38Z
REF_247EEDCF,PAY_3A30707D,557450,INR,2026-08-06T02:36:54Z
REF_06E629AD,PAY_FD30910C,766050,INR,2026-07-27T06:28:12Z
REF_265B7A49,PAY_99866C6D,133050,INR,2026-07-08T21:30:41Z
REF_1780AADA,PAY_403F1114,802400,INR,2026-08-04T00:17:34Z
REF_8D3DAD59,PAY_28A80F62,381950,INR,2026-08-21T14:15:18Z
REF_5783140D,PAY_1BBA482B,851950,INR,2026-07-10T03:17:27Z
REF_40415D61,PAY_70F924E8,817750,INR,2026-08-31T05:45:35Z
REF_2A725138,PAY_2AD75104,976550,INR,2026-08-01T14:26:41Z
REF_E5A72B25,PAY_05A7025D,88450,INR,2026-07-04T04:34:02Z
REF_9CD5DD9B,PAY_C92D6E80,903400,INR,2026-08-27T04:43:28Z
REF_75743773,PAY_54165853,45850,INR,2026-07-04T02:39:07Z
REF_0A6E4ACB,PAY_BFB1E15F,475900,INR,2026-07-28T13:53:02Z
REF_3550E427,PAY_F68C57FE,899500,INR,2026-08-20T16:36:35Z
REF_BC64A6FA,PAY_A6410FD7,597150,INR,2026-07-03T15:23:47Z
REF_3AC7EE37,PAY_526B2B80,106950,INR,2026-07-06T08:38:19Z
REF_ED0CA437,PAY_0671DE58,426250,INR,2026-08-07T07:46:39Z
REF_D8A53F53,PAY_08D16AD1,25900,INR,2026-07-26T18:49:31Z
REF_5AE384FC,PAY_A8E60274,415750,INR,2026-08-07T20:04:40Z
REF_8CDB5C15,PAY_4F5775D7,630800,INR,2026-07-26T17:51:46Z
REF_6BE51A8F,PAY_B9DB0F4C,781450,INR,2026-07-03T06:27:07Z
REF_C8465917,PAY_AFA20DC0,809200,INR,2026-07-27T04:35:19Z
REF_A447CDC4,PAY_91EEC189,792450,INR,2026-07-09T08:43:16Z
REF_3F4A0A3B,PAY_4B127E42,882450,INR,2026-07-03T23:53:10Z
REF_46D84270,PAY_6DA79AB4,257100,INR,2026-08-23T09:41:52Z
REF_33404480,PAY_8C5B5259,586300,INR,2026-08-02T04:41:13Z
REF_C4BA9924,PAY_90463F09,476800,INR,2026-07-07T13:13:08Z
REF_4138AE70,PAY_E260940C,95200,INR,2026-08-17T18:59:30Z
REF_30ABDF20,PAY_E3C48B6A,340750,INR,2026-07-02T13:47:21Z
REF_F2BC3B1D,PAY_976B0765,511100,INR,2026-08-10T16:05:06Z
REF_74FD4211,PAY_2CB2CFAD,330700,INR,2026-07-29T16:55:48Z
REF_966EBFDB,PAY_384690B7,842500,INR,2026-08-18T21:23:58Z
REF_ACA129DD,PAY_C6123FF8,342750,INR,2026-07-23T21:42:38Z
REF_FB1F80FF,PAY_445DED0E,356200,INR,2026-08-09T00:28:30Z
REF_11266925,PAY_E60D998C,199550,INR,2026-07-21T20:12:44Z
REF_F8442798,PAY_E5EB89F1,555700,INR,2026-07-16T14:22:12Z
REF_86AC3242,PAY_192F4153,756050,INR,2026-08-21T00:35:22Z
REF_786F4284,PAY_5AEDD1E3,331100,INR,2026-07-30T00:51:17Z
REF_DB391A5A,PAY_37FD6F5F,933950,INR,2026-08-22T17:58:26Z
REF_5E273B38,PAY_7ECB34BE,604400,INR,2026-07-19T06:32:39Z
REF_7E550EB1,PAY_6DA184C8,734250,INR,2026-08-09T20:15:31Z
REF_67E31176,PAY_D3AE2B50,276950,INR,2026-07-07T19:10:30Z
REF_A867FADF,PAY_86315469,591650,INR,2026-07-29T11:11:24Z
REF_DA6815F0,PAY_C7CB7C3C,141900,INR,2026-07-18T00:11:45Z
REF_A1246398,PAY_52E85747,799400,INR,2026-07-03T03:03:20Z
REF_9280A46A,PAY_4CFC9716,722850,INR,2026-08-18T10:46:07Z
REF_C584163D,PAY_62BE97F1,685000,INR,2026-07-26T15:56:31Z
REF_8CA6324C,PAY_B22F525F,140750,INR,2026-08-18T02:34:15Z
REF_F078CBE7,PAY_BE475801,152250,INR,2026-08-23T16:40:44Z
REF_A0FEEA23,PAY_B5472105,522800,INR,2026-08-24T23:22:59Z
REF_B5C1E300,PAY_BF8A45A1,859950,INR,2026-07-05T03:47:00Z
REF_140BDEA2,PAY_DB9F0178,872050,INR,2026-07-02T02:45:10Z
REF_BCE58470,PAY_84EA4B75,532500,INR,2026-08-27T04:26:28Z
REF_39518ECA,PAY_94672A8E,102400,INR,2026-08-16T05:51:56Z
REF_65CC3A11,PAY_AAD29671,981200,INR,2026-07-24T16:56:23Z
REF_7084B0FC,PAY_DD385F96,249200,INR,2026-08-31T20:46:10Z
REF_D94C06AF,PAY_DA03804E,918800,INR,2026-07-21T11:06:16Z
REF_5DDA9952,PAY_2FCDF97B,628250,INR,2026-08-20T23:14:57Z
REF_0161736F,PAY_C10F8DFC,989600,INR,2026-09-02T08:18:53Z
REF_5B22B35C,PAY_4DB689FE,230750,INR,2026-08-18T16:06:25Z
REF_D818C1DE,PAY_8B332D8E,886350,INR,2026-08-23T23:59:09Z
REF_2848FF69,PAY_F8AB97DD,709950,INR,2026-07-25T00:54:24Z
REF_7A29CFB9,PAY_819CCDB7,113600,INR,2026-08-16T22:18:54Z
REF_1CA540A5,PAY_7B09D119,968350,INR,2026-07-22T07:47:38Z
REF_21E15237,PAY_0D14024C,258900,INR,2026-08-12T12:03:44Z
REF_751D0205,PAY_8603F2C8,148450,INR,2026-07-29T16:03:03Z
REF_E40AA67F,PAY_944663B3,476250,INR,2026-08-23T16:52:09Z
REF_933E9362,PAY_64A69838,994750,INR,2026-07-16T17:46:18Z
REF_29753D5D,PAY_5E5901C4,910900,INR,2026-07-14T22:41:54Z
REF_2FAD6242,PAY_42BB82CA,454800,INR,2026-07-30T22:07:33Z
REF_D0FEB00B,PAY_737DCC4C,507900,INR,2026-07-07T22:52:59Z
REF_AD126500,PAY_ED6E50E0,418100,INR,2026-07-29T08:26:51Z
REF_258353EB,PAY_515051E9,205750,INR,2026-08-21T01:25:17Z
REF_9324FA9D,PAY_02D09072,98750,INR,2026-07-05T17:47:50Z
REF_E42A26B6,PAY_185A74F2,459950,INR,2026-09-02T00:20:36Z
REF_01BBBC49,PAY_2067FFD7,9600,INR,2026-07-06T23:51:36Z
REF_EF884743,PAY_16BE3E68,760400,INR,2026-07-18T23:33:50Z
REF_7D559417,PAY_BCEC57B1,117050,INR,2026-08-11T20:52:45Z
REF_9C2493BB,PAY_41D1FD49,183750,INR,2026-08-15T12:46:48Z
REF_FC86DA3D,PAY_4E96A6EE,535050,INR,2026-07-21T03:51:23Z
REF_834E6FF6,PAY_D8C6842D,127650,INR,2026-07-29T12:24:16Z
REF_2F25BD93,PAY_5ABE4D09,734250,INR,2026-08-18T08:54:50Z
REF_E2B6AC37,PAY_8D70B8BE,135600,INR,2026-09-02T03:36:27Z
REF_82963D73,PAY_3746D731,233150,INR,2026-08-11T12:31:28Z
REF_F2ABECCE,PAY_3E27D94E,380400,INR,2026-08-02T05:32:36Z
REF_F29D52C4,PAY_B0A000C7,120600,INR,2026-07-21T09:56:05Z
REF_1EFFE831,PAY_BE99D021,810050,INR,2026-08-26T03:51:09Z
